,x,e
0,-20.0,0.0012087810672973495
1,-19.94869163673679,0.001191437669163084
2,-19.897383273473576,0.0011744060779846665
3,-19.846074910210366,0.001157796651097537
4,-19.79476654694715,0.0011417016764828528
5,-19.74345818368394,0.0011261755526514759
6,-19.692149820420727,0.0011112463569498807
7,-19.640841457157517,0.0010969177267037451
8,-19.589533093894303,0.0010831611918131047
9,-19.538224730631093,0.0010699316248451675
10,-19.486916367367883,0.0010571628951875052
11,-19.43560800410467,0.0010447692001822077
12,-19.38429964084146,0.001032654530722412
13,-19.332991277578245,0.0010207123346810511
14,-19.281682914315034,0.0010088386842669668
15,-19.23037455105182,0.0009969332535652666
16,-19.17906618778861,0.0009849028327035961
17,-19.127757824525396,0.0009726767667743547
18,-19.076449461262186,0.000960203721730097
19,-19.025141097998972,0.0009474617646305633
20,-18.973832734735762,0.0009344612336727681
21,-18.92252437147255,0.0009212400209907612
22,-18.871216008209338,0.0009078696482956625
23,-18.819907644946127,0.0008944540116393912
24,-18.768599281682913,0.0008811122182832892
25,-18.717290918419703,0.0008679859009915197
26,-18.66598255515649,0.0008552184564704378
27,-18.61467419189328,0.0008429481344149658
28,-18.563365828630065,0.0008313018203782182
29,-18.512057465366855,0.0008203832410372551
30,-18.46074910210364,0.0008102596274268236
31,-18.40944073884043,0.0008009594477289343
32,-18.35813237557722,0.0007924601164716454
33,-18.306824012314006,0.0007847032865883712
34,-18.255515649050796,0.0007775876306652001
35,-18.204207285787582,0.0007709762144992972
36,-18.152898922524372,0.0007647216983328604
37,-18.101590559261158,0.0007586550492422185
38,-18.050282195997948,0.0007526292283121502
39,-17.998973832734734,0.0007465195938134862
40,-17.947665469471524,0.0007402551245365935
41,-17.896357106208313,0.0007338206732619102
42,-17.8450487429451,0.0007272768812439645
43,-17.79374037968189,0.0007207761414328316
44,-17.742432016418675,0.0007145512784030751
45,-17.691123653155465,0.0007089247317738018
46,-17.63981528989225,0.0007042925319239206
47,-17.58850692662904,0.00070108113465493
48,-17.537198563365827,0.0006997400508902297
49,-17.485890200102617,0.0007006768383782865
50,-17.434581836839406,0.0007042250890905075
51,-17.383273473576192,0.0007105951579249013
52,-17.331965110312982,0.0007198389032556265
53,-17.28065674704977,0.0007318439685468255
54,-17.229348383786558,0.0007463232438535551
55,-17.178040020523344,0.0007628522294769305
56,-17.126731657260134,0.0007809077910071106
57,-17.07542329399692,0.0007998900220200953
58,-17.02411493073371,0.0008191980695213876
59,-16.9728065674705,0.0008382430732333367
60,-16.921498204207285,0.000856507398346357
61,-16.870189840944075,0.0008735596039845475
62,-16.81888147768086,0.0008890786355762713
63,-16.76757311441765,0.0009028841792085191
64,-16.716264751154437,0.0009149181522024536
65,-16.664956387891227,0.00092526783710882
66,-16.613648024628013,0.0009341535492037055
67,-16.562339661364803,0.0009418989472521713
68,-16.511031298101592,0.0009489384314245877
69,-16.45972293483838,0.000955752388562559
70,-16.408414571575165,0.0009628559923215427
71,-16.357106208311954,0.0009707438658030545
72,-16.305797845048744,0.0009798328597923726
73,-16.25448948178553,0.0009904509800761686
74,-16.20318111852232,0.0010027639239375476
75,-16.151872755259106,0.0010167882728778666
76,-16.100564391995896,0.001032368351223473
77,-16.04925602873268,0.0010491845492439863
78,-15.997947665469471,0.0010668082529040033
79,-15.94663930220626,0.0010847093266681811
80,-15.895330938943047,0.0011023150147642085
81,-15.844022575679835,0.001119065739646501
82,-15.792714212416623,0.0011344393726063532
83,-15.741405849153413,0.001148015590693284
84,-15.690097485890199,0.0011594880524126003
85,-15.638789122626989,0.001168698941339007
86,-15.587480759363775,0.0011756645470208155
87,-15.536172396100564,0.0011805555512603028
88,-15.484864032837352,0.001183725937837672
89,-15.43355566957414,0.0011856727622636997
90,-15.382247306310928,0.001187009792406329
91,-15.330938943047716,0.001188439323109683
92,-15.279630579784506,0.001190680521058379
93,-15.228322216521292,0.001194424626909059
94,-15.177013853258082,0.001200250849041227
95,-15.125705489994868,0.0012085898588974208
96,-15.074397126731657,0.0012196612861135531
97,-15.023088763468445,0.0012334420791034195
98,-14.971780400205233,0.0012496831692599443
99,-14.920472036942021,0.0012679180059767035
100,-14.869163673678809,0.001287498108989918
101,-14.817855310415599,0.0013076738142496246
102,-14.766546947152385,0.0013276393383814826
103,-14.715238583889175,0.001346593379919144
104,-14.66393022062596,0.0013638185859277372
105,-14.61262185736275,0.0013787038774546309
106,-14.561313494099538,0.0013908005226642272
107,-14.510005130836326,0.0013998543036896174
108,-14.458696767573114,0.0014058095901742177
109,-14.407388404309902,0.001408833498639301
110,-14.35608004104669,0.0014092932951958767
111,-14.304771677783478,0.0014077532096037216
112,-14.253463314520268,0.0014049352842615689
113,-14.202154951257054,0.0014016683662433614
114,-14.150846587993843,0.0013988368269278633
115,-14.09953822473063,0.0013972999639080307
116,-14.04822986146742,0.001397816924641123
117,-13.996921498204207,0.0014009740836133746
118,-13.945613134940995,0.0014071228643183652
119,-13.894304771677783,0.0014163336575396058
120,-13.842996408414571,0.0014283932196429453
121,-13.79168804515136,0.0014428124894576356
122,-13.740379681888147,0.0014588811970546068
123,-13.689071318624936,0.0014757319306150517
124,-13.637762955361723,0.0014924190346160934
125,-13.586454592098512,0.0015079912761257832
126,-13.5351462288353,0.0015215683023311734
127,-13.483837865572088,0.0015324027289030724
128,-13.432529502308876,0.0015399274562993828
129,-13.381221139045664,0.0015438047133582444
130,-13.329912775782452,0.0015439332562247135
131,-13.27860441251924,0.0015404733601618262
132,-13.22729604925603,0.0015338466435724037
133,-13.175987685992816,0.0015247002917386267
134,-13.124679322729605,0.0015139045253231521
135,-13.073370959466391,0.0015024795312175085
136,-13.022062596203181,0.001491527971992715
137,-12.970754232939969,0.0014821751025460132
138,-12.919445869676757,0.0014754357115609514
139,-12.868137506413545,0.0014721548778799112
140,-12.816829143150333,0.0014728988645409447
141,-12.765520779887122,0.0014778905092835718
142,-12.714212416623909,0.0014870006252947572
143,-12.662904053360698,0.0014997321193364827
144,-12.611595690097484,0.0015152957043488749
145,-12.560287326834274,0.0015326841173759276
146,-12.508978963571062,0.0015507499489811091
147,-12.45767060030785,0.0015683313873499968
148,-12.406362237044638,0.0015843256661215955
149,-12.355053873781426,0.0015977599860474473
150,-12.303745510518214,0.001607882134909431
151,-12.252437147255002,0.0016141708235221637
152,-12.201128783991791,0.0016163744801865612
153,-12.149820420728577,0.0016145407086429909
154,-12.098512057465367,0.0016089809137812378
155,-12.047203694202153,0.0016002788836460605
156,-11.995895330938943,0.0015892455471213738
157,-11.94458696767573,0.0015768587757968625
158,-11.893278604412519,0.0015642139551089536
159,-11.841970241149307,0.0015524148322952455
160,-11.790661877886095,0.0015425038793911653
161,-11.739353514622882,0.0015353490737438696
162,-11.68804515135967,0.0015315580719182686
163,-11.63673678809646,0.001531419076898467
164,-11.585428424833248,0.001534858432288295
165,-11.534120061570036,0.0015414468876871039
166,-11.482811698306824,0.001550447745369843
167,-11.431503335043612,0.0015608746361254616
168,-11.3801949717804,0.0015716073688203766
169,-11.328886608517188,0.0015814629330752027
170,-11.277578245253975,0.0015893127384467682
171,-11.226269881990763,0.001594144793683952
172,-11.174961518727551,0.0015951433277054316
173,-11.123653155464341,0.0015917328104918017
174,-11.072344792201129,0.001583624924360478
175,-11.021036428937917,0.0015708290668566055
176,-10.969728065674705,0.001553659028782374
177,-10.918419702411493,0.0015327414437625619
178,-10.86711133914828,0.001508977858067031
179,-10.815802975885068,0.001483504338024901
180,-10.764494612621856,0.0014576483701816793
181,-10.713186249358644,0.001432812074241848
182,-10.661877886095432,0.001410384835118389
183,-10.610569522832222,0.001391612871065696
184,-10.55926115956901,0.0013774722702236636
185,-10.507952796305798,0.001368549276161341
186,-10.456644433042586,0.0013649733744135752
187,-10.405336069779374,0.0013663744833499894
188,-10.354027706516161,0.0013719504113672606
189,-10.30271934325295,0.001380532259535636
190,-10.251410979989737,0.0013907287456211908
191,-10.200102616726525,0.001401047774934575
192,-10.148794253463315,0.0014100302210304845
193,-10.097485890200103,0.0014163649515416443
194,-10.04617752693689,0.0014189751568714144
195,-9.994869163673679,0.0014170745055802217
196,-9.943560800410467,0.001410217827766064
197,-9.892252437147254,0.001398312543964248
198,-9.840944073884042,0.0013816286004097009
199,-9.78963571062083,0.0013608021636014205
200,-9.738327347357618,0.0013367885301906269
201,-9.687018984094406,0.00131083517983566
202,-9.635710620831196,0.0012843942548863233
203,-9.584402257567984,0.0012590313763293363
204,-9.533093894304772,0.0012363021626610926
205,-9.48178553104156,0.0012175930324117641
206,-9.430477167778347,0.0012039649466819339
207,-9.379168804515135,0.0011960263445804926
208,-9.327860441251923,0.0011938284727573288
209,-9.276552077988711,0.001196867634852863
210,-9.225243714725499,0.0012041529965556611
211,-9.173935351462287,0.001214315469360221
212,-9.122626988199077,0.0012257925511968202
213,-9.071318624935865,0.0012369837994138082
214,-9.020010261672653,0.0012463947630064309
215,-8.96870189840944,0.0012527793607026716
216,-8.917393535146228,0.0012551993484835589
217,-8.866085171883016,0.00125310759738664
218,-8.814776808619804,0.0012463768388189895
219,-8.763468445356592,0.001235310858908418
220,-8.71216008209338,0.001220658154902221
221,-8.660851718830168,0.001203552721279771
222,-8.609543355566958,0.0011854820118019822
223,-8.558234992303746,0.0011681803193196343
224,-8.506926629040533,0.0011534729318004933
225,-8.455618265777321,0.00114310491694237
226,-8.40430990251411,0.0011385192760542887
227,-8.353001539250897,0.0011406571105354174
228,-8.301693175987685,0.0011498122838710851
229,-8.250384812724473,0.0011655802721882724
230,-8.199076449461261,0.0011869287503712394
231,-8.147768086198049,0.0012123409778246812
232,-8.096459722934839,0.0012400273128255947
233,-8.045151359671626,0.001268150783495245
234,-7.993842996408414,0.001294975523521225
235,-7.942534633145202,0.0013190442150427817
236,-7.89122626988199,0.001339265800524933
237,-7.839917906618778,0.0013549825051773798
238,-7.788609543355566,0.0013660332296049128
239,-7.737301180092354,0.0013727363788391647
240,-7.685992816829142,0.0013759049141468492
241,-7.63468445356593,0.001376780807767387
242,-7.583376090302719,0.0013769736387739134
243,-7.532067727039507,0.0013783296602759311
244,-7.480759363776295,0.001382753919000921
245,-7.429451000513083,0.0013920218594472833
246,-7.378142637249871,0.0014075475279145887
247,-7.326834273986659,0.0014302093283169411
248,-7.275525910723447,0.0014602208376330698
249,-7.224217547460235,0.0014971090451155898
250,-7.172909184197023,0.0015397887078939876
251,-7.121600820933811,0.0015867079490747545
252,-7.0702924576706,0.0016360406038671356
253,-7.018984094407388,0.0016858854455999324
254,-6.967675731144176,0.0017344182144072111
255,-6.916367367880964,0.0017800437719189838
256,-6.865059004617752,0.0018214993601856587
257,-6.81375064135454,0.0018579184994595857
258,-6.762442278091328,0.0018888912992417492
259,-6.711133914828116,0.0019144647339776149
260,-6.659825551564904,0.0019351452512558224
261,-6.608517188301693,0.0019518525271062187
262,-6.557208825038481,0.0019658607052586213
263,-6.505900461775269,0.001978691888134549
264,-6.454592098512057,0.0019919918354284615
265,-6.403283735248845,0.0020073731865625074
266,-6.351975371985633,0.0020262474577823057
267,-6.300667008722421,0.0020496808965464533
268,-6.249358645459209,0.0020782649750633233
269,-6.198050282195997,0.0021120536502466218
270,-6.1467419189327845,0.002150558633832979
271,-6.095433555669574,0.0021928092998188026
272,-6.044125192406362,0.002237482881207742
273,-5.99281682914315,0.002283030190014824
274,-5.941508465879938,0.002327831612757091
275,-5.890200102616726,0.0023703599332068883
276,-5.838891739353514,0.002409277243677544
277,-5.787583376090302,0.002443559256924785
278,-5.73627501282709,0.0024725499356584514
279,-5.6849666495638775,0.0024959954610910442
280,-5.6336582863006655,0.002514063881372404
281,-5.582349923037455,0.0025273110254270996
282,-5.531041559774243,0.002536634828559153
283,-5.479733196511031,0.0025431978407109016
284,-5.428424833247819,0.0025483004232337734
285,-5.377116469984607,0.00255328917408369
286,-5.325808106721395,0.0025593883123089466
287,-5.274499743458183,0.0025675873031517703
288,-5.2231913801949705,0.0025785330110662218
289,-5.1718830169317584,0.002592435626271725
290,-5.120574653668546,0.002609056748688597
291,-5.069266290405336,0.0026277371379538183
292,-5.017957927142124,0.0026474401062926783
293,-4.966649563878912,0.002666889446439551
294,-4.9153412006157,0.002684672969512968
295,-4.864032837352488,0.002699381188201748
296,-4.812724474089276,0.0027097473049770998
297,-4.7614161108260635,0.0027147388920351853
298,-4.710107747562851,0.002713650015028305
299,-4.658799384299639,0.002706165532261327
300,-4.607491021036427,0.002692383466870336
301,-4.556182657773217,0.002672835096753454
302,-4.504874294510005,0.002648430320666668
303,-4.453565931246793,0.002620415017796443
304,-4.402257567983581,0.002590284552658609
305,-4.350949204720369,0.00255964640992409
306,-4.2996408414571565,0.002530102646649882
307,-4.248332478193944,0.0025030869790917585
308,-4.197024114930732,0.0024797143730465195
309,-4.14571575166752,0.002460660053890966
310,-4.094407388404308,0.002446094636348644
311,-4.043099025141098,0.002435633852235332
312,-3.991790661877886,0.0024284093259907794
313,-3.940482298614672,0.002423143301462476
314,-3.8891739353514616,0.002418290318372525
315,-3.8378655720882477,0.002412205689676873
316,-3.7865572088250374,0.0024032856912760696
317,-3.735248845561827,0.0023901167516926823
318,-3.6839404822986133,0.0023715870239515114
319,-3.632632119035403,0.002346949841109607
320,-3.581323755772189,0.002315905687453725
321,-3.5300153925089788,0.0022785876728343853
322,-3.478707029245765,0.002235552866037921
323,-3.4273986659825546,0.0021877402812828677
324,-3.3760903027193407,0.0021363876240448857
325,-3.3247819394561304,0.0020829336791979595
326,-3.27347357619292,0.0020288989198259085
327,-3.2221652129297063,0.001975731618377951
328,-3.170856849666496,0.0019246773853333233
329,-3.119548486403282,0.001876627814234008
330,-3.0682401231400718,0.0018320378951297215
331,-3.016931759876858,0.0017908641325685853
332,-2.9656233966136476,0.0017525632827579186
333,-2.9143150333504337,0.0017161885217167486
334,-2.8630066700872234,0.0016804839990259386
335,-2.811698306824013,0.0016440588302671128
336,-2.7603899435607993,0.0016055437218618768
337,-2.709081580297589,0.0015637371565184997
338,-2.657773217034375,0.0015177440355608864
339,-2.6064648537711648,0.0014670578902093018
340,-2.555156490507951,0.0014116209092720565
341,-2.5038481272447406,0.001351866504356142
342,-2.4525397639815267,0.0012886999242845319
343,-2.4012314007183164,0.0012234739585948076
344,-2.3499230374551026,0.0011579250113704681
345,-2.2986146741918922,0.0010940479768183128
346,-2.247306310928682,0.001033958815218227
347,-2.195997947665468,0.0009796717916555153
348,-2.1446895844022578,0.0009328339523093835
349,-2.093381221139044,0.0008944602284076165
350,-2.0420728578758336,0.0008647297655086571
351,-1.9907644946126197,0.0008429384646458569
352,-1.9394561313494094,0.0008276076667510302
353,-1.8881477680861956,0.0008168328552364037
354,-1.8368394048229852,0.0008086294068649774
355,-1.785531041559775,0.0008013057960819485
356,-1.734222678296561,0.000793761760562066
357,-1.6829143150333508,0.0007856630601910544
358,-1.631605951770137,0.0007775429682009748
359,-1.5802975885069266,0.0007707806576123256
360,-1.5289892252437127,0.0007674640058552655
361,-1.4776808619805024,0.0007701046271414552
362,-1.4263724987172886,0.0007811721546525222
363,-1.3750641354540782,0.0008025806778410342
364,-1.3237557721908644,0.0008352085598539015
365,-1.272447408927654,0.0008786913302744607
366,-1.2211390456644438,0.0009315488352346158
367,-1.16983068240123,0.0009914833493202967
368,-1.1185223191380196,0.0010558099615616415
369,-1.0672139558748057,0.001121795561613507
370,-1.0159055926115954,0.0011868919297593533
371,-0.9645972293483815,0.0012489288777500624
372,-0.9132888660851712,0.0013061757836374762
373,-0.8619805028219574,0.001357424371234607
374,-0.8106721395587471,0.001402015646093663
375,-0.7593637762955368,0.0014398334902418568
376,-0.7080554130323229,0.0014713069299887146
377,-0.6567470497691126,0.0014973586886136059
378,-0.6054386865058987,0.0015193341084235635
379,-0.5541303232426884,0.001538900022180282
380,-0.5028219599794745,0.001557884013378725
381,-0.45151359671626423,0.0015781092797597423
382,-0.40020523345305037,0.001601176173074233
383,-0.34889687018984006,0.0016283006628471928
384,-0.29758850692662975,0.0016601564816789622
385,-0.24628014366341588,0.0016967923561367064
386,-0.19497178040020557,0.001737669453540176
387,-0.1436634171369917,0.0017817309400474358
388,-0.0923550538737814,0.0018275418412237441
389,-0.04104669061056754,0.00187348954791219
390,0.010261672652642773,0.0019179374510709727
391,0.061570035915856636,0.00195938894272525
392,0.11287839917906695,0.001996622407503017
393,0.1641867624422808,0.00202877382978952
394,0.21549512570549112,0.0020554024310988537
395,0.26680348896870143,0.0020765082023665284
396,0.3181118522319153,0.0020925424590135166
397,0.3694202154951256,0.0021043453783655603
398,0.42072857875833947,0.0021130832705623264
399,0.4720369420215498,0.002120138205822381
400,0.5233453052847636,0.002126979059032133
401,0.574653668547974,0.002135008803860824
402,0.6259620318111878,0.00214542279446162
403,0.6772703950743981,0.0021590535750169062
404,0.7285787583376084,0.002176289975139569
405,0.7798871216008223,0.0021970266365233184
406,0.8311954848640326,0.002220665512594452
407,0.8825038481272465,0.0022462093766809988
408,0.9338122113904568,0.0022723541718905203
409,0.9851205746536706,0.0022976315414653045
410,1.036428937916881,0.0023205583044400564
411,1.0877373011800948,0.002339764590035184
412,1.1390456644433051,0.0023541190557655996
413,1.190354027706519,0.002362802523310194
414,1.2416623909697293,0.0023653740569524145
415,1.2929707542329396,0.0023617941497047503
416,1.3442791174961535,0.0023524436699378813
417,1.3955874807593638,0.0023380772533957307
418,1.4468958440225776,0.0023197813793257786
419,1.498204207285788,0.002298885339452756
420,1.5495125705490018,0.0022768566031565736
421,1.6008209338122121,0.0022551769579711553
422,1.652129297075426,0.002235206570349672
423,1.7034376603386363,0.00221805379041883
424,1.7547460236018466,0.002204454706834553
425,1.8060543868650605,0.0021947076107827292
426,1.8573627501282708,0.002188630547891342
427,1.9086711133914847,0.002185605134199304
428,1.959979476654695,0.0021846334915135665
429,2.011287839917909,0.0021844660939009477
430,2.062596203181119,0.0021837145263223752
431,2.113904566444333,0.0021809966590337682
432,2.1652129297075433,0.002175066006309045
433,2.216521292970757,0.002164886998724167
434,2.2678296562339675,0.002149732860606746
435,2.319138019497178,0.0021292272936258173
436,2.3704463827603917,0.0021033556245727927
437,2.421754746023602,0.0020724857789261486
438,2.473063109286816,0.0020373353545201055
439,2.524371472550026,0.0019989149347592714
440,2.57567983581324,0.0019584954091015527
441,2.6269881990764503,0.0019174884153391105
442,2.678296562339664,0.0018773677618747653
443,2.7296049256028745,0.0018395542539505353
444,2.780913288866085,0.0018052768013490181
445,2.8322216521292987,0.001775480053914517
446,2.883530015392509,0.0017507248948855825
447,2.934838378655723,0.0017311353937934097
448,2.986146741918933,0.0017164049558448882
449,3.037455105182147,0.0017058167648283384
450,3.0887634684453573,0.0016983645384075058
451,3.140071831708571,0.0016928376703590875
452,3.1913801949717815,0.001687953122305353
453,3.242688558234992,0.001682485381231419
454,3.2939969214982057,0.0016753425870078891
455,3.345305284761416,0.001665652630467085
456,3.39661364802463,0.0016528242507263427
457,3.44792201128784,0.0016365475471152738
458,3.499230374551054,0.0016168361682724517
459,3.5505387378142643,0.0015939954277452136
460,3.601847101077478,0.0015686059180453015
461,3.6531554643406885,0.0015414846260940896
462,3.7044638276039024,0.0015136253788118332
463,3.7557721908671127,0.0014861355285063496
464,3.807080554130323,0.001460157519975579
465,3.858388917393537,0.0014367639748779101
466,3.909697280656747,0.0014168708247748324
467,3.961005643919961,0.001401150989085082
468,4.012314007183171,0.0013899505158064486
469,4.063622370446385,0.0013832740670952353
470,4.1149307337095955,0.0013807673508751935
471,4.166239096972809,0.0013817649738578949
472,4.21754746023602,0.0013853592482379628
473,4.26885582349923,0.0013905025396972648
474,4.320164186762444,0.0013960959930593125
475,4.371472550025654,0.0014010850326584717
476,4.422780913288868,0.001404543361684079
477,4.474089276552078,0.0014057136323805592
478,4.525397639815292,0.0014040720200941637
479,4.5767060030785025,0.0013993507272044108
480,4.628014366341716,0.0013915294652521912
481,4.679322729604927,0.0013808556603145544
482,4.7306310928681405,0.001367794688270085
483,4.781939456131351,0.00135301184569052
484,4.833247819394561,0.001337328799943801
485,4.884556182657775,0.0013216330036684377
486,4.935864545920985,0.001306819635614342
487,4.987172909184199,0.0012936980736092724
488,5.0384812724474095,0.0012829053179412324
489,5.089789635710623,0.0012748415453114504
490,5.141097998973834,0.0012696171152754294
491,5.1924063622370475,0.0012670372015822844
492,5.243714725500258,0.001266605987343074
493,5.295023088763468,0.0012676093859901978
494,5.346331452026682,0.001269165031045806
495,5.397639815289892,0.001270318613589301
496,5.448948178553106,0.0012701403197152533
497,5.5002565418163165,0.0012677835368328223
498,5.55156490507953,0.0012625672455759199
499,5.602873268342741,0.0012540298247669041
500,5.6541816316059545,0.0012419363264779104
501,5.705489994869165,0.0012263113590881753
502,5.756798358132379,0.0012074321774150217
503,5.808106721395589,0.0011857871701502624
504,5.859415084658799,0.0011620792723921827
505,5.910723447922013,0.0011371445290939764
506,5.9620318111852235,0.0011118832449768523
507,6.013340174448437,0.0010872145783077402
508,6.064648537711648,0.0010639451608061006
509,6.1159569009748616,0.0010427172258582697
510,6.167265264238072,0.0010239397899217656
511,6.218573627501286,0.0010077126819298442
512,6.269881990764496,0.0009938430070018137
513,6.321190354027706,0.0009818623227782607
514,6.37249871729092,0.000971079060273612
515,6.4238070805541305,0.0009606738935344203
516,6.475115443817344,0.0009497751372795232
517,6.526423807080555,0.0009375515655752916
518,6.577732170343769,0.000923281100054906
519,6.629040533606979,0.0009063981285767853
520,6.680348896870193,0.000886547768903073
521,6.731657260133403,0.0008635744895795413
522,6.782965623396613,0.0008375382907658023
523,6.834273986659827,0.0008087051230648173
524,6.8855823499230375,0.0007775081457727515
525,6.936890713186251,0.0007445438098505962
526,6.988199076449462,0.000710516527475612
527,7.039507439712676,0.0006762044674966628
528,7.090815802975886,0.0006424165881882223
529,7.1421241662391,0.0006099404013184117
530,7.19343252950231,0.000579513808563363
531,7.244740892765524,0.0005517702594653512
532,7.296049256028734,0.0005271947867781564
533,7.3473576192919445,0.0005061351847027546
534,7.398665982555158,0.0004887624359620433
535,7.449974345818369,0.0004751169076741811
536,7.501282709081583,0.00046513189123569313
537,7.552591072344793,0.0004586539858904881
538,7.603899435608007,0.0004555043218022509
539,7.655207798871217,0.0004554917802674021
540,7.706516162134431,0.0004584222952680081
541,7.757824525397641,0.0004641144851178134
542,7.8091328886608515,0.00047235576742129664
543,7.860441251924065,0.00048291289816719427
544,7.911749615187276,0.0004955282806151427
545,7.96305797845049,0.0005099187410260321
546,8.0143663417137,0.0005257820666410476
547,8.065674704976914,0.0005428394396152387
548,8.116983068240124,0.0005608369507180662
549,8.168291431503338,0.0005795783267378102
550,8.219599794766548,0.0005989612530089147
551,8.270908158029762,0.0006189478504998209
552,8.322216521292972,0.0006395773399516737
553,8.373524884556183,0.000660961791647739
554,8.424833247819397,0.0006832386349244846
555,8.476141611082607,0.0007065490958596493
556,8.52744997434582,0.0007310034292883049
557,8.578758337609031,0.0007566388167400057
558,8.630066700872245,0.0007833914678281625
559,8.681375064135455,0.0008111087746677987
560,8.732683427398669,0.0008395205594695568
561,8.78399179066188,0.0008682730748630802
562,8.83530015392509,0.0008969581112644056
563,8.886608517188304,0.000925127447605035
564,8.937916880451514,0.0009523552468352611
565,8.989225243714728,0.0009782732896017722
566,9.040533606977938,0.0010025813102663586
567,9.091841970241152,0.001025102781835512
568,9.143150333504362,0.0010457749147517296
569,9.194458696767576,0.0010646620394034274
570,9.245767060030786,0.0010819685594175724
571,9.297075423294,0.0010979665864593823
572,9.34838378655721,0.0011130092277251678
573,9.399692149820421,0.001127453894235773
574,9.451000513083635,0.0011416291955650042
575,9.502308876346845,0.0011557841321039922
576,9.553617239610059,0.0011700333530932148
577,9.60492560287327,0.001184340447032663
578,9.656233966136483,0.0011984913349065214
579,9.707542329399693,0.0012121119577602304
580,9.758850692662907,0.0012246953884534088
581,9.810159055926118,0.0012356324512019705
582,9.861467419189328,0.0012442625792972069
583,9.912775782452542,0.001249946369573402
584,9.964084145715752,0.001252095777704615
585,10.015392508978966,0.0012502451495623465
586,10.066700872242176,0.001244091711420277
587,10.11800923550539,0.001233494557788022
588,10.1693175987686,0.0012185435529232134
589,10.220625962031814,0.0011995308799386299
590,10.271934325295025,0.0011769470126386235
591,10.323242688558235,0.001151475352582596
592,10.374551051821449,0.0011239292484466197
593,10.425859415084659,0.0010952123097313666
594,10.477167778347873,0.0010662452732687242
595,10.528476141611083,0.001037886493451359
596,10.579784504874297,0.0010108518197205999
597,10.631092868137507,0.0009856344687921073
598,10.682401231400721,0.0009624577187705695
599,10.733709594663932,0.000941253410728416
600,10.785017957927145,0.0009216712359078028
601,10.836326321190356,0.0009031504073936756
602,10.887634684453566,0.0008849901782950873
603,10.93894304771678,0.000866472146593606
604,10.99025141097999,0.000846957069142595
605,11.041559774243204,0.0008259867029103791
606,11.092868137506414,0.0008033923321051614
607,11.144176500769628,0.000779333547740895
608,11.195484864032839,0.0007543740351202089
609,11.246793227296052,0.0007294866338415643
610,11.298101590559263,0.0007060525628328155
611,11.349409953822473,0.000685803059900584
612,11.400718317085687,0.0006706676085204644
613,11.452026680348897,0.0006625524026778646
614,11.503335043612111,0.0006630509670251931
615,11.554643406875321,0.0006731440973851797
616,11.605951770138535,0.000693048197635054
617,11.657260133401746,0.0007222213210228466
618,11.70856849666496,0.0007595547757976828
619,11.75987685992817,0.0008036675904042714
620,11.811185223191384,0.0008531261946607268
621,11.862493586454594,0.0009066574277503876
622,11.913801949717804,0.0009632234506659495
623,11.965110312981018,0.001022043992467966
624,12.016418676244228,0.0010825919981375986
625,12.067727039507439,0.0011445409922634583
626,12.119035402770656,0.001207709698435801
627,12.170343766033866,0.0012719982396229353
628,12.221652129297077,0.0013373457187346822
629,12.272960492560287,0.0014036548213167545
630,12.324268855823505,0.0014707785212246373
631,12.375577219086715,0.0015385079677924856
632,12.426885582349925,0.0016065442817509673
633,12.478193945613135,0.0016745473150292921
634,12.529502308876346,0.0017421313859561276
635,12.580810672139563,0.0018089100401773926
636,12.632119035402773,0.0018745466911212207
637,12.683427398665984,0.0019387660754583598
638,12.734735761929194,0.0020013941292590645
639,12.786044125192412,0.00206239141266145
640,12.837352488455622,0.00212181397663297
641,12.888660851718832,0.0021798655979275634
642,12.939969214982042,0.0022368247892513957
643,12.991277578245253,0.002293025006461252
644,13.04258594150847,0.002348827775580081
645,13.09389430477168,0.0024045295489634705
646,13.14520266803489,0.0024603383045443453
647,13.196511031298101,0.002516326748089034
648,13.247819394561319,0.0025723652875713535
649,13.299127757824529,0.0026281477062038905
650,13.35043612108774,0.002683158298280158
651,13.40174448435095,0.0027366971837893125
652,13.45305284761416,0.002787935335974068
653,13.504361210877377,0.0028359448904238804
654,13.555669574140587,0.0028797699051404313
655,13.606977937403798,0.002918498611162669
656,13.658286300667008,0.002951302481081445
657,13.709594663930226,0.002977518207075878
658,13.760903027193436,0.0029966909782378243
659,13.812211390456646,0.0030085943452303875
660,13.863519753719856,0.0030132836546890897
661,13.914828116983067,0.0030110617895263425
662,13.966136480246284,0.003002482425714865
663,14.017444843509494,0.0029883363671679808
664,14.068753206772705,0.0029695712022776368
665,14.120061570035915,0.0029472359381063134
666,14.171369933299133,0.0029224100509482828
667,14.222678296562343,0.0028960960504282977
668,14.273986659825553,0.0028691558477276853
669,14.325295023088763,0.0028422254687734965
670,14.376603386351974,0.0028156368319478754
671,14.427911749615191,0.002789405456810572
672,14.479220112878401,0.002763225159108816
673,14.530528476141612,0.0027364904638514224
674,14.581836839404822,0.0027083539567917363
675,14.63314520266804,0.0026778225125309407
676,14.68445356593125,0.00264383032503352
677,14.73576192919446,0.0026053501938075397
678,14.78707029245767,0.0025615034149448035
679,14.838378655720888,0.002511611550671205
680,14.889687018984098,0.002455288924605815
681,14.940995382247308,0.0023924971853600996
682,14.992303745510519,0.0023235708603561063
683,15.04361210877373,0.0022492524975711507
684,15.094920472036947,0.0021706821502897183
685,15.146228835300157,0.002089387109261284
686,15.197537198563367,0.002007271603889777
687,15.248845561826577,0.0019265489624764856
688,15.300153925089795,0.0018496677907329253
689,15.351462288353005,0.0017792305641972995
690,15.402770651616216,0.0017178159687999738
691,15.454079014879426,0.0016678299139234094
692,15.505387378142636,0.0016313078303433072
693,15.556695741405854,0.0016097116629725085
694,15.608004104669064,0.0016038379589824502
695,15.659312467932274,0.001613780172412347
696,15.710620831195484,0.001639005125970856
697,15.761929194458702,0.0016785681111202598
698,15.813237557721912,0.0017312940817194324
699,15.864545920985123,0.0017959614194777416
700,15.915854284248333,0.0018714744993363701
701,15.967162647511543,0.001956890734108101
702,16.01847101077476,0.002051458349365263
703,16.06977937403797,0.0021545744142993702
704,16.12108773730118,0.0022657369790120433
705,16.17239610056439,0.002384493306939295
706,16.22370446382761,0.002510388007930036
707,16.27501282709082,0.002642936082547827
708,16.32632119035403,0.0027816190002301093
709,16.37762955361724,0.002925874236330411
710,16.42893791688045,0.0030751157456109066
711,16.480246280143668,0.003228766491441286
712,16.531554643406878,0.0033862587820197845
713,16.582863006670088,0.0035470927805240876
714,16.6341713699333,0.003710836815331524
715,16.685479733196516,0.003877121699751581
716,16.736788096459726,0.004045683255337033
717,16.788096459722937,0.004216309220381472
718,16.839404822986147,0.004388852892524146
719,16.890713186249357,0.00456319598820689
720,16.942021549512575,0.004739212868382211
721,16.993329912775785,0.004916746045024335
722,17.044638276038995,0.005095587357181434
723,17.095946639302205,0.005275439088109521
724,17.147255002565423,0.005455906346419868
725,17.198563365828633,0.005636487984356162
726,17.249871729091844,0.005816590760616025
727,17.301180092355054,0.005995532770278773
728,17.35248845561827,0.006172585916535076
729,17.40379681888148,0.006346987840060292
730,17.455105182144692,0.0065179946196861505
731,17.506413545407902,0.006684920495950024
732,17.557721908671112,0.006847181939058117
733,17.60903027193433,0.00700430787028233
734,17.66033863519754,0.007156009054329836
735,17.71164699846075,0.0073021608841750685
736,17.76295536172396,0.007442835605539052
737,17.81426372498718,0.0075783073743988134
738,17.86557208825039,0.007709007798143968
739,17.9168804515136,0.007835532481621983
740,17.96818881477681,0.007958588335779905
741,18.01949717804002,0.008078938932345946
742,18.070805541303237,0.008197388276233175
743,18.122113904566447,0.008314677840691766
744,18.173422267829658,0.00843146707688384
745,18.224730631092868,0.008548288487811244
746,18.276038994356085,0.00866548019681922
747,18.327347357619296,0.008783190551477499
748,18.378655720882506,0.008901343781267501
749,18.429964084145716,0.009019646818251218
750,18.481272447408926,0.009137625495951788
751,18.532580810672144,0.009254631168227024
752,18.583889173935354,0.009369882057893828
753,18.635197537198565,0.009482536963051829
754,18.686505900461775,0.009591715848640972
755,18.737814263724992,0.00969657404116501
756,18.789122626988203,0.009796339595052668
757,18.840430990251413,0.009890363427587158
758,18.891739353514623,0.009978152424379395
759,18.943047716777834,0.010059387701070895
760,18.99435608004105,0.010133957398402093
761,19.04566444330426,0.010201944512275908
762,19.09697280656747,0.010263624156261001
763,19.148281169830682,0.010319464969187224
764,19.1995895330939,0.010370064047661148
765,19.25089789635711,0.01041614977662814
766,19.30220625962032,0.010458537025045109
767,19.35351462288353,0.010498064451416671
768,19.40482298614674,0.010535575299160348
769,19.456131349409958,0.010571858045055676
770,19.50743971267317,0.010607612100256313
771,19.55874807593638,0.010643433586912766
772,19.61005643919959,0.010679762787688443
773,19.661364802462806,0.010716887612339365
774,19.712673165726017,0.010754932853345072
775,19.763981528989227,0.010793859550412035
776,19.815289892252437,0.010833492172246568
777,19.866598255515655,0.010873516697699454
778,19.917906618778865,0.010913519669087414
779,19.969214982042075,0.010953011062095177
780,20.020523345305286,0.010991460368906227
781,20.071831708568496,0.011028317538647164
782,20.123140071831713,0.011063040537192542
783,20.174448435094924,0.011095120772605192
784,20.225756798358134,0.011124093712740733
785,20.277065161621344,0.01114957353121685
786,20.32837352488456,0.011171223698904297
787,20.379681888147772,0.011188798591402
788,20.430990251410982,0.011202110104645946
789,20.482298614674193,0.011211046952684819
790,20.533606977937403,0.011215559801008744
791,20.58491534120062,0.011215639922983045
792,20.63622370446383,0.011211326952392948
793,20.68753206772704,0.011202697630589559
794,20.73884043099025,0.011189850869032354
795,20.79014879425347,0.011172906221528518
796,20.84145715751668,0.01115200121371577
797,20.89276552077989,0.011127284075245061
798,20.9440738840431,0.011098914572403574
799,20.99538224730631,0.011067068583361917
800,21.046690610569527,0.011031925740058636
801,21.097998973832738,0.010993680038085206
802,21.149307337095948,0.010952535744122777
803,21.200615700359158,0.010908700971831064
804,21.251924063622376,0.010862378009819708
805,21.303232426885586,0.010813769111772792
806,21.354540790148796,0.01076304841872991
807,21.405849153412007,0.010710363115788636
808,21.457157516675217,0.0106558171911801
809,21.508465879938434,0.010599448418273087
810,21.559774243201645,0.010541236817540088
811,21.611082606464855,0.010481076683176455
812,21.662390969728065,0.010418775677792352
813,21.713699332991283,0.010354055385222445
814,21.765007696254493,0.01028655279384774
815,21.816316059517703,0.010215834229687536
816,21.867624422780914,0.010141400328160901
817,21.91893278604413,0.010062721748609721
818,21.97024114930734,0.009979246874378582
819,22.02154951257055,0.009890440347232831
820,22.072857875833762,0.009795822167282673
821,22.124166239096972,0.009694975530176076
822,22.17547460236019,0.00958758012909827
823,22.2267829656234,0.009473454796740747
824,22.27809132888661,0.009352565066212681
825,22.32939969214982,0.00922502122902036
826,22.380708055413038,0.009091111549708803
827,22.43201641867625,0.008951279471956166
828,22.48332478193946,0.008806112934192444
829,22.53463314520267,0.008656349712614742
830,22.58594150846588,0.008502810236612226
831,22.637249871729097,0.008346390123473066
832,22.688558234992307,0.008188018970103794
833,22.739866598255517,0.008028600535132532
834,22.791174961518728,0.007868994525445249
835,22.842483324781945,0.007709953657136483
836,22.893791688045155,0.007552083864474256
837,22.945100051308366,0.007395845556823325
838,22.996408414571576,0.007241504101987319
839,23.047716777834786,0.007089129243758495
840,23.099025141098004,0.006938611855246799
841,23.150333504361214,0.006789663955777186
842,23.201641867624424,0.006641868287542951
843,23.252950230887635,0.0064946985873349855
844,23.304258594150852,0.0063475653665696335
845,23.355566957414062,0.006199881184189849
846,23.406875320677273,0.006051081506501231
847,23.458183683940483,0.005900683450088917
848,23.509492047203693,0.005748333407759175
849,23.56080041046691,0.005593801472309888
850,23.61210877373012,0.005437048377206725
851,23.66341713699333,0.005278194950817578
852,23.71472550025654,0.0051175462049139996
853,23.76603386351976,0.004955577751936692
854,23.81734222678297,0.004792904989305389
855,23.86865059004618,0.004630268893308461
856,23.91995895330939,0.004468502231420161
857,23.9712673165726,0.004308478253334276
858,24.022575679835818,0.0041510909093605336
859,24.073884043099028,0.003997196798564059
860,24.12519240636224,0.003847579766094668
861,24.17650076962545,0.003702927284234392
862,24.227809132888666,0.003563777005118156
863,24.279117496151876,0.003430523821462575
864,24.330425859415087,0.003303402083860182
865,24.381734222678297,0.0031824628813178833
866,24.433042585941514,0.003067636503372046
867,24.484350949204725,0.0029587043710696207
868,24.535659312467935,0.002855350186689717
869,24.586967675731145,0.0027572190336119917
870,24.638276038994356,0.0026639006222321437
871,24.689584402257573,0.002575008937927777
872,24.740892765520783,0.0024901997214684815
873,24.792201128783994,0.002409178745930355
874,24.843509492047204,0.002331740881826573
875,24.89481785531042,0.0022577691733957697
876,24.94612621857363,0.0021872185513127067
877,24.997434581836842,0.0021201329208735513
878,25.048742945100052,0.002056626179446721
879,25.100051308363263,0.0019968538046747936
880,25.15135967162648,0.0019410145512442198
881,25.20266803488969,0.0018893170627551955
882,25.2539763981529,0.0018419615801688726
883,25.30528476141611,0.0017991497246059064
884,25.35659312467933,0.0017610408625080432
885,25.40790148794254,0.0017277645769469144
886,25.45920985120575,0.0016994115336189974
887,25.51051821446896,0.0016760364216764458
888,25.56182657773217,0.001657658932527245
889,25.613134940995387,0.0016442581614665183
890,25.664443304258597,0.0016357941159253413
891,25.715751667521808,0.0016321990612613952
892,25.767060030785018,0.001633390976033088
893,25.818368394048235,0.0016392915625763177
894,25.869676757311446,0.001649797201971028
895,25.920985120574656,0.001664819325660295
896,25.972293483837866,0.0016842852253411012
897,26.023601847101077,0.0017081158176519354
898,26.074910210364294,0.0017362632725536325
899,26.126218573627504,0.0017686829501180677
900,26.177526936890715,0.0018053404674451005
901,26.228835300153925,0.0018462324547351282
902,26.280143663417142,0.0018913351957721724
903,26.331452026680353,0.001940613849543572
904,26.382760389943563,0.001994033293852274
905,26.434068753206773,0.00205149707932316
906,26.485377116469984,0.002112870881608746
907,26.5366854797332,0.0021779650114275746
908,26.58799384299641,0.0022464912822390106
909,26.63930220625962,0.002318097220555899
910,26.690610569522832,0.0023923660162603333
911,26.74191893278605,0.002468771924935502
912,26.79322729604926,0.002546744654130026
913,26.84453565931247,0.002625668208913132
914,26.89584402257568,0.002704860569797819
915,26.947152385838898,0.002783670835799029
916,26.998460749102108,0.0028614285655855945
917,27.04976911236532,0.002937502213454527
918,27.10107747562853,0.003011330068862145
919,27.15238583889174,0.0030824163079147047
920,27.203694202154956,0.0031503673542408964
921,27.255002565418167,0.003214899517282833
922,27.306310928681377,0.0032758508872496
923,27.357619291944587,0.0033331844240710967
924,27.408927655207805,0.0033869944115213126
925,27.460236018471015,0.003437484767255326
926,27.511544381734225,0.0034849711797970613
927,27.562852744997436,0.003529852464179673
928,27.614161108260646,0.003572595125944349
929,27.665469471523863,0.0036136967573230385
930,27.716777834787074,0.003653656611355253
931,27.768086198050284,0.0036929572427851103
932,27.819394561313494,0.0037320123614790076
933,27.87070292457671,0.0037711628177306182
934,27.922011287839922,0.0038106444365078145
935,27.973319651103132,0.0038505682360832406
936,28.024628014366343,0.0038909274087569235
937,28.075936377629553,0.003931588740121947
938,28.12724474089277,0.00397231382461784
939,28.17855310415598,0.004012766506958557
940,28.22986146741919,0.004052544552305522
941,28.2811698306824,0.004091188505343057
942,28.33247819394562,0.004128246338425822
943,28.38378655720883,0.004163267646846646
944,28.43509492047204,0.004195839208795131
945,28.48640328373525,0.004225631902857746
946,28.53771164699846,0.0042523833789559606
947,28.589020010261677,0.004275944216064265
948,28.640328373524888,0.0042962860039182545
949,28.691636736788098,0.004313481303374076
950,28.74294510005131,0.004327742101409479
951,28.794253463314526,0.0043393869531791985
952,28.845561826577736,0.004348849891920222
953,28.896870189840946,0.004356663624699759
954,28.948178553104157,0.004363440694700321
955,28.999486916367374,0.00436986864487058
956,29.050795279630584,0.004376671671219018
957,29.102103642893795,0.004384604113599698
958,29.153412006157005,0.004394423627198805
959,29.204720369420215,0.0044068505472870155
960,29.256028732683433,0.0044225763521567926
961,29.307337095946643,0.004442215594777025
962,29.358645459209853,0.004466279642962968
963,29.409953822473064,0.0044951905839453144
964,29.46126218573628,0.0045292361694080525
965,29.51257054899949,0.004568557380030556
966,29.5638789122627,0.004613178039409281
967,29.615187275525912,0.0046629624366998695
968,29.666495638789122,0.004717632073821155
969,29.71780400205234,0.004776807743166147
970,29.76911236531555,0.00483996314828693
971,29.82042072857876,0.004906483245426865
972,29.87172909184197,0.00497569906990047
973,29.923037455105188,0.005046847217201746
974,29.9743458183684,0.005119150371694461
975,30.02565418163161,0.005191834510249249
976,30.07696254489482,0.005264107643736222
977,30.12827090815803,0.005335243471161512
978,30.179579271421247,0.005404567548864752
979,30.230887634684457,0.005471449355843984
980,30.282195997947667,0.005535388280910105
981,30.333504361210878,0.005595966763796238
982,30.384812724474095,0.005652854892895881
983,30.436121087737305,0.005705862962275806
984,30.487429451000516,0.005754892751468307
985,30.538737814263726,0.0057999412984233245
986,30.590046177526936,0.005841122264179138
987,30.641354540790154,0.005878596465339328
988,30.692662904053364,0.0059125903797243515
989,30.743971267316574,0.005943386048802827
990,30.795279630579785,0.005971249530465233
991,30.846587993843002,0.00599644739744139
992,30.897896357106212,0.006019213061878671
993,30.949204720369423,0.006039713505290921
994,31.000513083632633,0.006058055076476568
995,31.051821446895843,0.006074238724964822
996,31.10312981015906,0.006088176736488405
997,31.15443817342227,0.006099682112217562
998,31.20574653668548,0.006108466875927875
999,31.25705489994869,0.006114165262951415
1000,31.30836326321191,0.006116327522398309
1001,31.35967162647512,0.006114462888580995
1002,31.41097998973833,0.006108044127662725
1003,31.46228835300154,0.006096544476199796
1004,31.513596716264757,0.00607944696082725
1005,31.564905079527968,0.006056282931811272
1006,31.616213442791178,0.006026643194342934
1007,31.66752180605439,0.0059902018561185134
1008,31.7188301693176,0.005946735723375765
1009,31.770138532580816,0.005896105740107666
1010,31.821446895844026,0.005838314857884295
1011,31.872755259107237,0.005773461730635053
1012,31.924063622370447,0.005701753432696295
1013,31.975371985633664,0.005623513616476884
1014,32.026680348896875,0.005539144968095185
1015,32.077988712160085,0.005449125824329509
1016,32.129297075423295,0.005354006419056413
1017,32.180605438686506,0.005254360276706629
1018,32.23191380194972,0.005150794325051796
1019,32.28322216521293,0.005043921382833019
1020,32.334530528476144,0.004934319630089775
1021,32.385838891739354,0.004822564057524153
1022,32.43714725500257,0.004709168046374533
1023,32.48845561826578,0.0045945922163298765
1024,32.53976398152899,0.004479253933660595
1025,32.5910723447922,0.004363499692779777
1026,32.64238070805541,0.004247619562599005
1027,32.69368907131863,0.00413186789463164
1028,32.74499743458184,0.004016448187790976
1029,32.79630579784505,0.0039015395106328636
1030,32.84761416110826,0.0037873159251074727
1031,32.89892252437148,0.0036739446581419257
1032,32.95023088763469,0.0035616099426432003
1033,33.0015392508979,0.0034505192943970527
1034,33.05284761416111,0.0033409223467850678
1035,33.10415597742432,0.0032331021859658684
1036,33.15546434068754,0.0031273871781072565
1037,33.20677270395075,0.003024149051113775
1038,33.25808106721396,0.002923797317493871
1039,33.30938943047717,0.0028267635691251237
1040,33.360697793740385,0.00273350081507744
1041,33.412006157003596,0.0026444544166812378
1042,33.463314520266806,0.0025600520589380503
1043,33.514622883530016,0.0024806983102279596
1044,33.56593124679323,0.0024067212089116117
1045,33.617239610056444,0.002338387158888359
1046,33.668547973319654,0.002275887111664929
1047,33.719856336582865,0.002219295028689617
1048,33.771164699846075,0.0021686011886548765
1049,33.82247306310929,0.002123687730059598
1050,33.8737814263725,0.0020843238140440265
1051,33.92508978963571,0.0020502043848160565
1052,33.97639815289892,0.0020209411217045597
1053,34.02770651616214,0.001996059000033985
1054,34.07901487942535,0.0019750384007114676
1055,34.13032324268856,0.0019573180197182253
1056,34.18163160595177,0.0019422865768721448
1057,34.23293996921498,0.0019293155085220394
1058,34.2842483324782,0.0019177607702959326
1059,34.33555669574141,0.0019069520780706387
1060,34.38686505900462,0.001896219527845704
1061,34.43817342226783,0.0018848931094460496
1062,34.48948178553105,0.001872300821556779
1063,34.54079014879426,0.001857781758693326
1064,34.59209851205747,0.0018406957942832946
1065,34.64340687532068,0.0018204305403274627
1066,34.69471523858389,0.0017964086584133763
1067,34.74602360184711,0.0017680977756067014
1068,34.79733196511032,0.0017350329779334708
1069,34.84864032837353,0.001696802384450733
1070,34.89994869163674,0.0016530860532817085
1071,34.951257054899955,0.001603636532795181
1072,35.002565418163165,0.001548301832198415
1073,35.053873781426375,0.0014870229461103992
1074,35.105182144689586,0.0014198314387271263
1075,35.156490507952796,0.0013468548894956004
1076,35.20779887121601,0.001268310506345922
1077,35.259107234479224,0.0011844996821103173
1078,35.310415597742434,0.0010957851651900278
1079,35.361723961005644,0.0010026137315712752
1080,35.41303232426886,0.0009054686949847699
1081,35.46434068753207,0.0008048666769511693
1082,35.51564905079528,0.0007013766422959367
1083,35.56695741405849,0.0005955657626338537
1084,35.6182657773217,0.0004880418318868479
1085,35.66957414058492,0.0003794995656179214
1086,35.72088250384813,0.0002709181465711375
1087,35.77219086711134,0.00016465788334362716
1088,35.82349923037455,7.497678214643538e-05
1089,35.87480759363777,9.536599861086749e-05
1090,35.92611595690098,0.0001936534641491074
1091,35.97742432016419,0.00030113950990102566
1092,36.0287326834274,0.0004104115190940932
1093,36.08004104669061,0.0005201503188143811
1094,36.13134940995383,0.0006299874318747627
1095,36.18265777321704,0.000739828543406025
1096,36.23396613648025,0.0008496613717232397
1097,36.28527449974346,0.0009594996790914871
1098,36.336582863006676,0.001069355346626516
1099,36.387891226269886,0.0011791909747853964
1100,36.4391995895331,0.0012889182592033803
1101,36.49050795279631,0.0013983839420433825
1102,36.541816316059524,0.0015073515003553024
1103,36.593124679322734,0.0016155148417548136
1104,36.644433042585945,0.0017224811250283443
1105,36.695741405849155,0.0018277905466026216
1106,36.747049769112365,0.0019309207642103194
1107,36.79835813237558,0.002031294188573838
1108,36.84966649563879,0.002128304991249105
1109,36.900974858902,0.00222131535988693
1110,36.952283222165214,0.0023096884354960445
1111,37.00359158542843,0.0023927958895212224
1112,37.05489994869164,0.0024700363030285984
1113,37.10620831195485,0.0025408429857325726
1114,37.15751667521806,0.002604712416263053
1115,37.20882503848127,0.0026611961811431628
1116,37.26013340174449,0.0027099189883908054
1117,37.3114417650077,0.0027505984322146655
1118,37.36275012827091,0.0027830227838277085
1119,37.41405849153412,0.0028070833337232185
1120,37.46536685479734,0.002822754507313017
1121,37.51667521806055,0.002830101959600523
1122,37.56798358132376,0.002829278373756665
1123,37.61929194458697,0.002820520516673492
1124,37.67060030785018,0.0028041309525820945
1125,37.7219086711134,0.002780484568348774
1126,37.77321703437661,0.002750006299970113
1127,37.82452539763982,0.002713169903647424
1128,37.87583376090303,0.0026704811175947284
1129,37.927142124166245,0.002622463800200298
1130,37.978450487429456,0.0025696590394604707
1131,38.029758850692666,0.0025126235065478794
1132,38.081067213955876,0.002451900918686136
1133,38.132375577219086,0.0023880612523610643
1134,38.183683940482304,0.0023216616765400376
1135,38.234992303745514,0.0022532835847987823
1136,38.286300667008724,0.0021835589589606227
1137,38.337609030271935,0.0021131494253675757
1138,38.38891739353515,0.0020428150592977424
1139,38.44022575679836,0.001973424928238551
1140,38.49153412006157,0.0019059902226061737
1141,38.54284248332478,0.0018417071886715568
1142,38.594150846588,0.0017819696653037502
1143,38.64545920985121,0.0017283781261843102
1144,38.69676757311442,0.0016827259901678133
1145,38.74807593637763,0.0016469379157051994
1146,38.79938429964084,0.0016229442547247494
1147,38.85069266290406,0.0016125461978461616
1148,38.90200102616727,0.0016172138880166875
1149,38.95330938943048,0.0016379094031886876
1150,39.00461775269369,0.0016749649670262656
1151,39.05592611595691,0.0017280567438167872
1152,39.10723447922012,0.0017962669629542028
1153,39.15854284248333,0.0018782012343142333
1154,39.20985120574654,0.0019721671124714245
1155,39.26115956900975,0.0020763192263481456
1156,39.312467932272966,0.002188779855234845
1157,39.36377629553618,0.002307738948413621
1158,39.41508465879939,0.002431498423067668
1159,39.4663930220626,0.0025584964485358057
1160,39.517701385325815,0.0026873394805586276
1161,39.569009748589025,0.0028167995030083867
1162,39.620318111852235,0.0029457799096895033
1163,39.671626475115445,0.0030733631738406484
1164,39.722934838378656,0.0031987542513174207
1165,39.77424320164187,0.003321275524970175
1166,39.82555156490508,0.003440386224539027
1167,39.876859928168294,0.00355563253439232
1168,39.928168291431504,0.0036666419686442395
1169,39.97947665469472,0.003773132849238216
1170,40.03078501795793,0.0038748700476110474
1171,40.08209338122114,0.003971659604040369
1172,40.13340174448435,0.0040633514926318726
1173,40.18471010774756,0.004149811077099898
1174,40.23601847101078,0.004230894279240587
1175,40.28732683427399,0.004306472002747613
1176,40.3386351975372,0.004376395473337927
1177,40.38994356080041,0.00444048236899412
1178,40.44125192406363,0.004498543897731313
1179,40.49256028732684,0.004550345471265629
1180,40.54386865059005,0.004595619335912716
1181,40.59517701385326,0.004634085904040757
1182,40.64648537711647,0.004665414238637332
1183,40.69779374037969,0.00468925967933001
1184,40.7491021036429,0.004705268162512355
1185,40.80041046690611,0.004713058013472758
1186,40.85171883016932,0.0047122594489867825
1187,40.903027193432536,0.0047025038360325585
1188,40.954335556695746,0.004683437054353926
1189,41.005643919958956,0.004654730758879963
1190,41.05695228322217,0.004616103332656695
1191,41.108260646485384,0.004567293761884206
1192,41.159569009748594,0.004508117287321762
1193,41.210877373011805,0.004438443249209643
1194,41.262185736275015,0.004358197638878931
1195,41.313494099538225,0.004267397659559085
1196,41.36480246280144,0.004166132263506717
1197,41.41611082606465,0.004054565766705333
1198,41.46741918932786,0.003932952816338827
1199,41.51872755259107,0.0038016379125731894
1200,41.57003591585429,0.0036610247337679836
1201,41.6213442791175,0.003511629078167862
1202,41.67265264238071,0.0033540132599503064
1203,41.72396100564392,0.0031888219899486544
1204,41.77526936890713,0.003016780029358501
1205,41.82657773217035,0.0028386673796510177
1206,41.87788609543356,0.0026553397719972583
1207,41.92919445869677,0.002467741462948705
1208,41.98050282195998,0.0022769257571223465
1209,42.0318111852232,0.0020840906390165058
1210,42.08311954848641,0.0018906686460127302
1211,42.13442791174962,0.0016984540143559442
1212,42.18573627501283,0.0015098229568047935
1213,42.23704463827604,0.0013281480187132071
1214,42.28835300153926,0.0011584286979981495
1215,42.33966136480247,0.0010083028746075402
1216,42.39096972806568,0.0008891594275806344
1217,42.44227809132889,0.0008158147238996154
1218,42.493586454592105,0.0008017005497091015
1219,42.544894817855315,0.0008502079927855879
1220,42.596203181118526,0.0009519398509280815
1221,42.647511544381736,0.0010920401004367074
1222,42.698819907644946,0.0012575223692074021
1223,42.750128270908164,0.001439329923615053
1224,42.801436634171374,0.0016315977109784261
1225,42.852744997434584,0.0018305448887460116
1226,42.904053360697795,0.002033673092435372
1227,42.95536172396101,0.00223924168532028
1228,43.00667008722422,0.0024459946171318868
1229,43.05797845048743,0.0026529451892660424
1230,43.10928681375064,0.0028592947791715702
1231,43.16059517701385,0.003064373164929292
1232,43.21190354027707,0.0032675642435226887
1233,43.26321190354028,0.0034682979635312777
1234,43.31452026680349,0.0036660448711166504
1235,43.3658286300667,0.0038602780899098126
1236,43.41713699332992,0.004050483000283985
1237,43.46844535659313,0.004236165186745963
1238,43.51975371985634,0.0044168151178599875
1239,43.57106208311955,0.004591949073973557
1240,43.62237044638277,0.004761104648785962
1241,43.67367880964598,0.004923806374747241
1242,43.72498717290919,0.005079622967329163
1243,43.7762955361724,0.005228164608445191
1244,43.82760389943561,0.005369045660032706
1245,43.878912262698826,0.0055019484270422084
1246,43.930220625962036,0.0056266098340575655
1247,43.98152898922525,0.005742789114217608
1248,44.03283735248846,0.0058503457073043556
1249,44.084145715751674,0.005949182847452425
1250,44.13545407901488,0.006039243140327003
1251,44.186762442278095,0.006120580423254633
1252,44.23807080554131,0.006193276637623636
1253,44.289379168804516,0.0062574633781717695
1254,44.34068753206773,0.0063133573508386415
1255,44.391995895330936,0.006361207527724254
1256,44.443304258594154,0.006401294227977849
1257,44.49461262185737,0.006433967432518308
1258,44.545920985120574,0.006459593727731729
1259,44.59722934838379,0.006478566934073195
1260,44.64853771164701,0.006491341941617771
1261,44.69984607491021,0.006498361788722541
1262,44.75115443817343,0.006500111914875785
1263,44.80246280143663,0.0064971172311362535
1264,44.85377116469985,0.006489899651765155
1265,44.90507952796307,0.006479003514900132
1266,44.95638789122627,0.006465008536279364
1267,45.00769625448949,0.006448483206239541
1268,45.05900461775269,0.006430008768777575
1269,45.11031298101591,0.006410183862117742
1270,45.161621344279126,0.006389573512507315
1271,45.21292970754233,0.006368743229437404
1272,45.26423807080555,0.006348248782537899
1273,45.31554643406875,0.006328585497774874
1274,45.36685479733197,0.006310241802385658
1275,45.418163160595185,0.006293658702057317
1276,45.46947152385839,0.006279213800257743
1277,45.520779887121606,0.006267248148269574
1278,45.57208825038482,0.006258050450053256
1279,45.623396613648026,0.006251842431625763
1280,45.674704976911244,0.006248804529911405
1281,45.72601334017445,0.006249046828873818
1282,45.777321703437664,0.006252634215277802
1283,45.82863006670088,0.00625958448694198
1284,45.879938429964085,0.0062698418721450645
1285,45.9312467932273,0.006283301416654283
1286,45.982555156490506,0.006299812858305333
1287,46.03386351975372,0.006319151971724731
1288,46.08517188301694,0.006341048374647721
1289,46.13648024628014,0.006365169418655181
1290,46.18778860954336,0.006391126872019594
1291,46.239096972806564,0.006418482103666566
1292,46.29040533606978,0.0064467550445204
1293,46.341713699333,0.006475403699507914
1294,46.3930220625962,0.006503875834894179
1295,46.44433042585942,0.006531586713943792
1296,46.49563878912264,0.0065579248938105635
1297,46.54694715238584,0.006582282657136916
1298,46.59825551564906,0.0066040625305971426
1299,46.64956387891226,0.006622659638492918
1300,46.70087224217548,0.006637500288503732
1301,46.752180605438696,0.006648026849147787
1302,46.8034889687019,0.0066537040795096635
1303,46.854797331965116,0.0066540370683576735
1304,46.90610569522832,0.006648545963379217
1305,46.95741405849154,0.006636776641638466
1306,47.008722421754754,0.006618320538758272
1307,47.06003078501796,0.00659278372724996
1308,47.111339148281175,0.006559794171336251
1309,47.16264751154439,0.006519034654111681
1310,47.213955874807596,0.006470193391114356
1311,47.26526423807081,0.006413002130539711
1312,47.316572601334016,0.006347234434976544
1313,47.367880964597234,0.006272698776545126
1314,47.41918932786045,0.006189254783824067
1315,47.470497691123654,0.006096807863787571
1316,47.52180605438687,0.005995315847604078
1317,47.573114417650075,0.005884793723253119
1318,47.62442278091329,0.005765322840298342
1319,47.67573114417651,0.005637038972977071
1320,47.72703950743971,0.0055001357071864255
1321,47.77834787070293,0.005354882543176621
1322,47.82965623396613,0.005201624574798115
1323,47.88096459722935,0.005040766971872028
1324,47.93227296049257,0.0048728104007649915
1325,47.98358132375577,0.004698365041992607
1326,48.03488968701899,0.004518145970607839
1327,48.086198050282206,0.0043330197421812015
1328,48.13750641354541,0.004144049644888939
1329,48.18881477680863,0.003952512668096089
1330,48.24012314007183,0.0037599996384021293
1331,48.29143150333505,0.003568470403451452
1332,48.342739866598265,0.0033803478141159206
1333,48.39404822986147,0.0031986430825492523
1334,48.445356593124686,0.0030270690888358582
1335,48.49666495638789,0.002870111387489166
1336,48.547973319651106,0.002733056346865191
1337,48.599281682914324,0.0026218584646833156
1338,48.65059004617753,0.0025427363160061512
1339,48.701898409440744,0.0025014839751411346
1340,48.75320677270395,0.0025026035356753512
1341,48.804515135967165,0.002548447316581241
1342,48.85582349923038,0.002638847369630927
1343,48.907131862493586,0.002771350501653485
1344,48.9584402257568,0.0029418764647697864
1345,49.00974858902002,0.0031455955694470105
1346,49.061056952283224,0.0033775923533249297
1347,49.11236531554644,0.00363330929490499
1348,49.163673678809644,0.003908718043820629
1349,49.21498204207286,0.004200392623292247
1350,49.26629040533608,0.004505422053926893
1351,49.31759876859928,0.004821353508850901
1352,49.3689071318625,0.005146107076207828
1353,49.4202154951257,0.005477890374259844
1354,49.47152385838892,0.005815132568864039
1355,49.52283222165214,0.006156466512113741
1356,49.57414058491534,0.006500645362248995
1357,49.62544894817856,0.006846531495311412
1358,49.676757311441776,0.007193092382969232
1359,49.72806567470498,0.007539370128099916
1360,49.779374037968196,0.007884455130305112
1361,49.8306824012314,0.00822751306177001
1362,49.88199076449462,0.008567745902977226
1363,49.933299127757834,0.008904405840776062
1364,49.98460749102104,0.009236790188556231
1365,50.035915854284255,0.009564215342225514
1366,50.08722421754746,0.009886038694612154
1367,50.138532580810676,0.010201658941644435
1368,50.18984094407389,0.010510483485227625
1369,50.241149307337096,0.010811941930297607
1370,50.292457670600314,0.011105487348605265
1371,50.34376603386352,0.011390610749846984
1372,50.395074397126734,0.011666816777200094
1373,50.44638276038995,0.01193361546302381
1374,50.497691123653155,0.012190560983807443
1375,50.54899948691637,0.012437253048530727
1376,50.60030785017959,0.012673296171193414
1377,50.65161621344279,0.012898342531185929
1378,50.70292457670601,0.013112079726528407
1379,50.754232939969214,0.013314237252781726
1380,50.80554130323243,0.013504596417899329
1381,50.85684966649565,0.013682964264142342
1382,50.90815802975885,0.013849183505468135
1383,50.95946639302207,0.014003156794499054
1384,51.01077475628527,0.014144820666916857
1385,51.06208311954849,0.014274120184416652
1386,51.11339148281171,0.014391065690951456
1387,51.16469984607491,0.014495687317942854
1388,51.21600820933813,0.014588035601638613
1389,51.26731657260133,0.014668208526973174
1390,51.31862493586455,0.01473632418884063
1391,51.369933299127766,0.014792527407718041
1392,51.42124166239097,0.01483701139116437
1393,51.472550025654186,0.014869992658323292
1394,51.523858388917404,0.014891713524465453
1395,51.57516675218061,0.014902470578444509
1396,51.626475115443824,0.014902585409892139
1397,51.67778347870703,0.014892410009195313
1398,51.729091841970245,0.014872329260268971
1399,51.78040020523346,0.014842766091268491
1400,51.831708568496666,0.01480415538962014
1401,51.88301693175988,0.014756967714860063
1402,51.934325295023086,0.014701688039803405
1403,51.985633658286304,0.014638820137873742
1404,52.03694202154952,0.014568880841259482
1405,52.088250384812724,0.014492399314808831
1406,52.13955874807594,0.014409917923165363
1407,52.19086711133916,0.014321996570371464
1408,52.24217547460236,0.014229187885148925
1409,52.29348383786558,0.01413206562168596
1410,52.34479220112878,0.014031223496008815
1411,52.396100564392,0.013927248068011537
1412,52.44740892765522,0.013820739628574582
1413,52.49871729091842,0.013712306112743962
1414,52.55002565418164,0.013602552641216322
1415,52.60133401744484,0.013492095655063489
1416,52.65264238070806,0.013381526798948176
1417,52.703950743971276,0.013271436344170688
1418,52.75525910723448,0.013162390589994372
1419,52.8065674704977,0.01305494859817184
1420,52.8578758337609,0.012949615483715033
1421,52.90918419702412,0.012846880969951556
1422,52.960492560287335,0.012747201478029902
1423,53.01180092355054,0.012650976682357052
1424,53.063109286813756,0.012558577373163708
1425,53.11441765007697,0.012470319996849371
1426,53.165726013340176,0.012386470552677775
1427,53.217034376603394,0.012307259617290987
1428,53.2683427398666,0.012232846369347407
1429,53.319651103129814,0.012163339748933485
1430,53.37095946639303,0.012098792487086184
1431,53.422267829656235,0.012039192005625572
1432,53.47357619291945,0.011984474061089035
1433,53.524884556182656,0.011934492129375621
1434,53.57619291944587,0.011889041464862355
1435,53.62750128270909,0.011847858064369839
1436,53.678809645972294,0.011810618232129828
1437,53.73011800923551,0.011776922842710612
1438,53.781426372498714,0.011746338803467054
1439,53.83273473576193,0.011718383690543338
1440,53.88404309902515,0.011692540320651583
1441,53.93535146228835,0.011668257753231886
1442,53.98665982555157,0.011644960798893308
1443,54.03796818881479,0.011622066621164507
1444,54.08927655207799,0.011598993286452097
1445,54.14058491534121,0.011575145727211482
1446,54.19189327860441,0.011549941807983102
1447,54.24320164186763,0.011522809929363746
1448,54.294510005130846,0.01149319820842041
1449,54.34581836839405,0.01146056014076058
1450,54.397126731657266,0.011424388242173173
1451,54.44843509492047,0.011384196562186312
1452,54.49974345818369,0.011339536462348237
1453,54.551051821446904,0.011289986655174325
1454,54.60236018471011,0.011235174914817342
1455,54.653668547973325,0.01117477825224389
1456,54.70497691123654,0.01110852942527227
1457,54.756285274499746,0.01103619930868516
1458,54.80759363776296,0.010957645392901505
1459,54.858902001026166,0.010872772324839958
1460,54.910210364289384,0.01078155601357294
1461,54.9615187275526,0.010684058734802939
1462,55.012827090815804,0.01058039067182706
1463,55.06413545407902,0.010470742605028567
1464,55.115443817342225,0.01035540276145639
1465,55.16675218060544,0.010234713377693563
1466,55.21806054386866,0.010109097721601698
1467,55.26936890713186,0.00997909440372277
1468,55.32067727039508,0.009845296724503932
1469,55.371985633658284,0.009708408694891403
1470,55.4232939969215,0.009569243297497683
1471,55.47460236018472,0.009428704441822304
1472,55.52591072344792,0.009287819345166341
1473,55.57721908671114,0.009147736107552245
1474,55.62852744997436,0.009009709459825948
1475,55.67983581323756,0.008875124810309823
1476,55.73114417650078,0.008745493000853359
1477,55.78245253976398,0.008622410039218887
1478,55.8337609030272,0.008507583356656254
1479,55.885069266290415,0.008402799527925978
1480,55.93637762955362,0.00830988836866545
1481,55.987685992816836,0.008230693740358855
1482,56.03899435608004,0.008167051159093415
1483,56.090302719343256,0.00812071911885561
1484,56.141611082606474,0.00809335500992295
1485,56.19291944586968,0.008086459561830116
1486,56.244227809132894,0.008101306738155217
1487,56.2955361723961,0.008138937161100727
1488,56.346844535659315,0.00820012027240778
1489,56.39815289892253,0.008285285996193619
1490,56.449461262185736,0.008394565151153595
1491,56.50076962544895,0.008527790405968962
1492,56.55207798871217,0.008684458268747017
1493,56.603386351975374,0.008863792483793653
1494,56.65469471523859,0.009064809679674385
1495,56.706003078501794,0.009286269205792392
1496,56.75731144176501,0.009526789759696204
1497,56.80861980502823,0.009784868936832877
1498,56.85992816829143,0.010058896234514074
1499,56.91123653155465,0.010347226077940204
1500,56.96254489481785,0.01064818253674613
1501,57.01385325808107,0.0109600908365134
1502,57.06516162134429,0.011281280562339797
1503,57.11646998460749,0.01161014103351437
1504,57.16777834787071,0.01194508432820508
1505,57.219086711133926,0.012284576258632343
1506,57.27039507439713,0.012627123812613357
1507,57.32170343766035,0.012971298809492013
1508,57.37301180092355,0.013315700381916045
1509,57.42432016418677,0.013658984881648246
1510,57.475628527449985,0.013999840752998581
1511,57.52693689071319,0.01433701185009586
1512,57.578245253976405,0.014669253783085721
1513,57.62955361723961,0.014995389197780998
1514,57.680861980502826,0.01531426814594236
1515,57.73217034376604,0.015624780530674334
1516,57.783478707029246,0.01592587547805537
1517,57.834787070292464,0.01621654475877358
1518,57.88609543355567,0.01649581793532061
1519,57.937403796818884,0.016762808556320653
1520,57.9887121600821,0.01701666070348225
1521,58.040020523345305,0.017256569894043866
1522,58.09132888660852,0.01748178829358999
1523,58.14263724987174,0.017691631118761326
1524,58.19394561313494,0.017885428573545616
1525,58.24525397639816,0.01806256499110784
1526,58.296562339661364,0.0182224720782642
1527,58.34787070292458,0.018364602539712803
1528,58.3991790661878,0.01848844777351865
1529,58.450487429451,0.018593564525289895
1530,58.50179579271422,0.018679503911449787
1531,58.55310415597742,0.018745897527312413
1532,58.60441251924064,0.01879242513119108
1533,58.65572088250386,0.01881879270306261
1534,58.70702924576706,0.018824794457531432
1535,58.75833760903028,0.018810272317289618
1536,58.80964597229348,0.01877510893688937
1537,58.8609543355567,0.018719275776259297
1538,58.912262698819916,0.018642796140385755
1539,58.96357106208312,0.018545703649373847
1540,59.01487942534634,0.018428148731430876
1541,59.066187788609554,0.018290274577828506
1542,59.11749615187276,0.018132277594076884
1543,59.168804515135974,0.017954431165916617
1544,59.22011287839918,0.017757008446611877
1545,59.271421241662395,0.017540343415458653
1546,59.32272960492561,0.017304858996985726
1547,59.374037968188816,0.017051008316659857
1548,59.42534633145203,0.016779314054126197
1549,59.476654694715236,0.016490427826041463
1550,59.527963057978454,0.01618506711077736
1551,59.57927142124167,0.01586404203833539
1552,59.630579784504874,0.01552831923796847
1553,59.68188814776809,0.015178962884189079
1554,59.73319651103131,0.014817174188336269
1555,59.78450487429451,0.014444325513522028
1556,59.83581323755773,0.014061900716224955
1557,59.88712160082093,0.013671582683201016
1558,59.93842996408415,0.013275278267969181
1559,59.98973832734737,0.01287506800698361
1560,60.04104669061057,0.01247332231032398
1561,60.09235505387379,0.012072709333042893
1562,60.14366341713699,0.011676266361301504
1563,60.19497178040021,0.011287409213611252
1564,60.24628014366343,0.010910039055561531
1565,60.29758850692663,0.010548538177951835
1566,60.34889687018985,0.010207797634583465
1567,60.40020523345305,0.009893216839093959
1568,60.45151359671627,0.009610595929861148
1569,60.502821959979485,0.009366035010676801
1570,60.55413032324269,0.00916569553294727
1571,60.605438686505906,0.009015490844541407
1572,60.65674704976912,0.008920699065327348
1573,60.708055413032326,0.008885648134084012
1574,60.759363776295544,0.008913318145759064
1575,60.81067213955875,0.009005096689297713
1576,60.861980502821964,0.009160765948483347
1577,60.91328886608518,0.009378550215182318
1578,60.964597229348385,0.009655358172877365
1579,61.0159055926116,0.009987149745670396
1580,61.067213955874806,0.010369230809070545
1581,61.11852231913802,0.010796597783699402
1582,61.16983068240124,0.011264189890075221
1583,61.221139045664444,0.011767051837526158
1584,61.27244740892766,0.01230044353256007
1585,61.32375577219088,0.012859926036263089
1586,61.37506413545408,0.013441384725507346
1587,61.4263724987173,0.014041009815226014
1588,61.4776808619805,0.014655309182878893
1589,61.52898922524372,0.015281089105658442
1590,61.58029758850694,0.0159154359180722
1591,61.63160595177014,0.016555712606969378
1592,61.68291431503336,0.017199505183816247
1593,61.73422267829656,0.017844644874961433
1594,61.78553104155978,0.018489143481286552
1595,61.836839404822996,0.01913121039411581
1596,61.8881477680862,0.019769181603486126
1597,61.93945613134942,0.02040152427103991
1598,61.99076449461262,0.021026800103061856
1599,62.04207285787584,0.02164364567662989
1600,62.093381221139055,0.022250757780930615
1601,62.14468958440226,0.02284684920056754
1602,62.195997947665475,0.023430731961546186
1603,62.24730631092869,0.024001218618962684
1604,62.298614674191896,0.024557171841258323
1605,62.34992303745511,0.025097531175860447
1606,62.401231400718316,0.025621302332453702
1607,62.452539763981534,0.026127559373594234
1608,62.50384812724475,0.026615476773665412
1609,62.555156490507954,0.027084294791182892
1610,62.60646485377117,0.02753335020830553
1611,62.657773217034375,0.02796205293632288
1612,62.70908158029759,0.028369866716946836
1613,62.76038994356081,0.02875629983239079
1614,62.81169830682401,0.02912088558414462
1615,62.86300667008723,0.029463193674314877
1616,62.914315033350434,0.029782790660699585
1617,62.96562339661365,0.03007925229938958
1618,63.01693175987687,0.030352179132257063
1619,63.06824012314007,0.030601178183176047
1620,63.11954848640329,0.030825897825015398
1621,63.17085684966651,0.03102603169046149
1622,63.22216521292971,0.031201346588614343
1623,63.27347357619293,0.03135165535426113
1624,63.32478193945613,0.031476879299017414
1625,63.37609030271935,0.03157698493761056
1626,63.427398665982565,0.03165203063695629
1627,63.47870702924577,0.03170212485415229
1628,63.530015392508986,0.03172742682028636
1629,63.58132375577219,0.03172811008049234
1630,63.63263211903541,0.0317043613155177
1631,63.683940482298624,0.03165640623183828
1632,63.73524884556183,0.031584426979280815
1633,63.786557208825045,0.0314886085707268
1634,63.83786557208826,0.03136919112916926
1635,63.889173935351465,0.03122638114458062
1636,63.94048229861468,0.031060441938284406
1637,63.991790661877886,0.030871707298240347
1638,64.0430990251411,0.03066053955147781
1639,64.09440738840432,0.03042737683826491
1640,64.14571575166752,0.03017277783113297
1641,64.19702411493074,0.02989731545420617
1642,64.24833247819394,0.02960162171668362
1643,64.29964084145716,0.02928641875726468
1644,64.35094920472038,0.028952407331371038
1645,64.40225756798358,0.028600330052638335
1646,64.4535659312468,0.02823090666858303
1647,64.50487429451,0.027844875018606392
1648,64.55618265777322,0.027442960150295834
1649,64.60749102103644,0.027025887570552985
1650,64.65879938429964,0.026594433448874237
1651,64.71010774756286,0.026149398176573958
1652,64.76141611082608,0.025691637033237274
1653,64.81272447408928,0.025222130926716897
1654,64.8640328373525,0.024741912398673176
1655,64.9153412006157,0.024252135549209807
1656,64.96664956387892,0.023754055777376302
1657,65.01795792714213,0.02324903399041264
1658,65.06926629040534,0.02273847182722822
1659,65.12057465366856,0.022223860153010446
1660,65.17188301693176,0.02170674961809273
1661,65.22319138019498,0.021188708769798385
1662,65.2744997434582,0.02067135904732842
1663,65.3258081067214,0.020156376193730594
1664,65.37711646998461,0.019645522010609453
1665,65.42842483324782,0.019140661446406557
1666,65.47973319651103,0.018643776579880162
1667,65.53104155977425,0.01815703327016497
1668,65.58234992303746,0.01768275767304675
1669,65.63365828630067,0.017223503291190125
1670,65.68496664956389,0.016782009567125923
1671,65.7362750128271,0.01636113544618583
1672,65.78758337609031,0.015963913055147237
1673,65.83889173935351,0.015593436579411165
1674,65.89020010261673,0.015252745593777683
1675,65.94150846587995,0.014944840366336656
1676,65.99281682914315,0.014672573275636648
1677,66.04412519240637,0.014438522723111195
1678,66.09543355566957,0.014245019739215931
1679,66.14674191893279,0.014094022439663277
1680,66.19805028219601,0.01398711603502237
1681,66.24935864545921,0.013925431925185472
1682,66.30066700872243,0.013909658715336162
1683,66.35197537198565,0.013940002907725577
1684,66.40328373524885,0.014016134039046573
1685,66.45459209851207,0.014137246964623172
1686,66.50590046177527,0.014302027708690556
1687,66.55720882503849,0.014508680460322857
1688,66.6085171883017,0.014755014293916584
1689,66.65982555156491,0.01503852320148472
1690,66.71113391482812,0.015356423808892744
1691,66.76244227809133,0.01570581185175111
1692,66.81375064135455,0.016083757987654962
1693,66.86505900461776,0.016487366763966803
1694,66.91636736788097,0.016913894830248015
1695,66.96767573114418,0.017360781719474503
1696,67.01898409440739,0.01782566002730157
1697,67.0702924576706,0.0183064021984007
1698,67.12160082093382,0.018801083382824553
1699,67.17290918419702,0.019307930182619892
1700,67.22421754746024,0.019825352294909226
1701,67.27552591072346,0.020351814574370717
1702,67.32683427398666,0.020885924627117386
1703,67.37814263724988,0.02142633722700312
1704,67.42945100051308,0.021971749259362672
1705,67.4807593637763,0.022520968949185854
1706,67.53206772703952,0.0230728997870146
1707,67.58337609030272,0.023626520547717127
1708,67.63468445356594,0.0241809681221359
1709,67.68599281682914,0.024735504485578097
1710,67.73730118009236,0.02528951307644891
1711,67.78860954335558,0.025842551917553403
1712,67.83991790661878,0.02639421171171791
1713,67.891226269882,0.026944215665623935
1714,67.9425346331452,0.027492320510160182
1715,67.99384299640842,0.028038296826849003
1716,68.04515135967164,0.028581898929656048
1717,68.09645972293484,0.029122895198332534
1718,68.14776808619806,0.02966100816656724
1719,68.19907644946127,0.030195986941750273
1720,68.25038481272448,0.030727547811988172
1721,68.3016931759877,0.03125545046723265
1722,68.3530015392509,0.031779517586479504
1723,68.40430990251411,0.03229962759413017
1724,68.45561826577733,0.03281571744002366
1725,68.50692662904054,0.03332780486002477
1726,68.55823499230375,0.03383595435637071
1727,68.60954335556696,0.034340278136801385
1728,68.66085171883017,0.03484089542540735
1729,68.71216008209339,0.03533792053362602
1730,68.7634684453566,0.03583142251186037
1731,68.81477680861981,0.036321447631189295
1732,68.86608517188303,0.036807958712328566
1733,68.91739353514623,0.03729093397605678
1734,68.96870189840945,0.037770275260547416
1735,69.02001026167265,0.038245910257174255
1736,69.07131862493587,0.038717753653211284
1737,69.12262698819909,0.039185774826090314
1738,69.17393535146229,0.039649961421640983
1739,69.22524371472551,0.04011036427064202
1740,69.27655207798871,0.040567053297420566
1741,69.32786044125193,0.0410201369653784
1742,69.37916880451515,0.04146969617775455
1743,69.43047716777835,0.041915816245644
1744,69.48178553104157,0.0423585348076036
1745,69.53309389430477,0.042797844115875616
1746,69.58440225756799,0.04323365252281642
1747,69.6357106208312,0.04366585851331899
1748,69.68701898409441,0.044094301523307705
1749,69.73832734735763,0.04451880091214989
1750,69.78963571062084,0.04493916289618779
1751,69.84094407388405,0.045355257745829526
1752,69.89225243714726,0.04576693507052589
1753,69.94356080041047,0.046174097517556974
1754,69.99486916367368,0.0465767087305813
1755,70.0461775269369,0.04697471273078336
1756,70.0974858902001,0.047368095870742484
1757,70.14879425346332,0.04775680393381409
1758,70.20010261672653,0.0481407553001695
1759,70.25141097998974,0.04851984923499165
1760,70.30271934325296,0.048893915347605316
1761,70.35402770651616,0.049262736310219955
1762,70.40533606977938,0.04962608725377338
1763,70.45664443304258,0.04998367810730516
1764,70.5079527963058,0.05033526035595941
1765,70.55926115956902,0.050680587052488124
1766,70.61056952283222,0.05101943455400196
1767,70.66187788609544,0.05135164271795286
1768,70.71318624935866,0.05167705712445154
1769,70.76449461262186,0.051995573233288496
1770,70.81580297588508,0.05230709340684885
1771,70.86711133914828,0.05261153259480969
1772,70.9184197024115,0.052908778912008424
1773,70.96972806567472,0.05319868406200065
1774,71.02103642893792,0.05348107942216265
1775,71.07234479220114,0.05375575460309365
1776,71.12365315546434,0.054022471990247095
1777,71.17496151872756,0.05428098646436819
1778,71.22626988199077,0.05453104429642301
1779,71.27757824525398,0.05477242034746785
1780,71.3288866085172,0.05500490827148643
1781,71.38019497178041,0.05522833768002344
1782,71.43150333504362,0.05544256933125489
1783,71.48281169830683,0.055647495640345566
1784,71.53412006157004,0.05584302898446094
1785,71.58542842483325,0.056029062276341274
1786,71.63673678809647,0.0562054983451365
1787,71.68804515135967,0.056372205437785566
1788,71.73935351462289,0.056529022469411695
1789,71.7906618778861,0.05667577435150536
1790,71.84197024114931,0.056812261037956474
1791,71.89327860441253,0.05693825776480677
1792,71.94458696767573,0.0570535946411668
1793,71.99589533093895,0.057158082791596766
1794,72.04720369420215,0.05725155742976493
1795,72.09851205746537,0.057333932330502865
1796,72.14982042072859,0.05740510727246832
1797,72.20112878399179,0.057465025145864934
1798,72.25243714725501,0.057513649650916945
1799,72.30374551051823,0.05755091112952965
1800,72.35505387378143,0.05757677871414453
1801,72.40636223704465,0.057591129202565185
1802,72.45767060030785,0.05759387657839712
1803,72.50897896357107,0.05758489089831618
1804,72.56028732683428,0.05756400011133611
1805,72.61159569009749,0.05753108934949968
1806,72.6629040533607,0.05748603048206871
1807,72.71421241662391,0.05742873471652832
1808,72.76552077988713,0.05735913906660886
1809,72.81682914315034,0.05727724404070817
1810,72.86813750641355,0.05718307832009304
1811,72.91944586967676,0.05707668959943685
1812,72.97075423293997,0.056958164152414975
1813,73.02206259620318,0.05682757526199886
1814,73.0733709594664,0.05668496027202948
1815,73.1246793227296,0.05653034787247359
1816,73.17598768599282,0.056363758309086166
1817,73.22729604925604,0.056185144010044964
1818,73.27860441251924,0.055994476130300876
1819,73.32991277578246,0.05579174497222571
1820,73.38122113904566,0.05557690482481752
1821,73.43252950230888,0.05535000937027897
1822,73.4838378655721,0.055111105064648495
1823,73.5351462288353,0.05486032093548142
1824,73.58645459209852,0.05459781114576821
1825,73.63776295536172,0.054323765571328377
1826,73.68907131862494,0.054038383603335
1827,73.74037968188816,0.05374186016055834
1828,73.79168804515136,0.0534343800919699
1829,73.84299640841458,0.053116087495619496
1830,73.8943047716778,0.05278706160938994
1831,73.945613134941,0.0524474278698031
1832,73.99692149820422,0.052097209116699045
1833,74.04822986146742,0.05173647428896397
1834,74.09953822473064,0.05136531300309875
1835,74.15084658799385,0.050983812735724984
1836,74.20215495125706,0.050592136656283815
1837,74.25346331452027,0.05019049519790063
1838,74.30477167778348,0.04977911193069232
1839,74.3560800410467,0.04935828239545752
1840,74.40738840430991,0.04892827487606605
1841,74.45869676757312,0.04848937810426452
1842,74.51000513083633,0.04804183729940561
1843,74.56131349409954,0.047585875965254446
1844,74.61262185736275,0.047121673124382125
1845,74.66393022062597,0.046649361610255666
1846,74.71523858388917,0.04616907587121351
1847,74.76654694715239,0.045680934181185164
1848,74.81785531041561,0.045185086678400946
1849,74.86916367367881,0.044681713053654405
1850,74.92047203694203,0.04417105122858055
1851,74.97178040020523,0.04365339529528528
1852,75.02308876346845,0.043129094345954466
1853,75.07439712673167,0.04259850111180117
1854,75.12570548999487,0.04206202687355441
1855,75.17701385325809,0.04152005110912335
1856,75.22832221652129,0.04097291967401655
1857,75.27963057978451,0.04042096624552263
1858,75.33093894304773,0.03986446410268153
1859,75.38224730631093,0.039303667887823926
1860,75.43355566957415,0.038738784505903796
1861,75.48486403283735,0.03817007894500908
1862,75.53617239610057,0.037597811949267215
1863,75.58748075936379,0.03702229911132295
1864,75.63878912262699,0.03644393045560526
1865,75.6900974858902,0.03586316548303155
1866,75.74140584915342,0.03528050627826162
1867,75.79271421241663,0.03469653245922729
1868,75.84402257567984,0.03411179242686699
1869,75.89533093894305,0.03352684595643509
1870,75.94663930220626,0.032942234677654995
1871,75.99794766546948,0.0323584525251999
1872,76.04925602873269,0.031775929885730574
1873,76.1005643919959,0.0311950692355635
1874,76.1518727552591,0.030616284893353364
1875,76.20318111852232,0.03003996806638267
1876,76.25448948178554,0.02946656703939021
1877,76.30579784504874,0.028896637005920812
1878,76.35710620831196,0.028330773715675335
1879,76.40841457157518,0.02776967592882892
1880,76.45972293483838,0.027214123678831748
1881,76.5110312981016,0.02666495203443271
1882,76.5623396613648,0.02612299751340424
1883,76.61364802462802,0.025589120709098617
1884,76.66495638789124,0.02506412041111244
1885,76.71626475115444,0.02454874236088936
1886,76.76757311441766,0.02404371821866665
1887,76.81888147768086,0.023549701213247475
1888,76.87018984094408,0.02306739260383708
1889,76.9214982042073,0.022597480597073987
1890,76.9728065674705,0.022140729475765415
1891,77.02411493073372,0.021698039460237552
1892,77.07542329399692,0.0212703647006928
1893,77.12673165726014,0.020858767093685993
1894,77.17804002052335,0.020464415460462917
1895,77.22934838378656,0.02008847255088709
1896,77.28065674704978,0.01973209860580882
1897,77.33196511031299,0.019396390812417605
1898,77.3832734735762,0.019082335315125785
1899,77.43458183683941,0.018790809435851714
1900,77.48589020010262,0.018522519831071713
1901,77.53719856336583,0.01827810538049356
1902,77.58850692662905,0.01805808979725872
1903,77.63981528989225,0.01786293652692748
1904,77.69112365315547,0.017693094038468235
1905,77.74243201641868,0.01754898912550755
1906,77.79374037968189,0.0174310080779806
1907,77.84504874294511,0.017339481428872882
1908,77.89635710620831,0.01727465626198713
1909,77.94766546947153,0.017236582231795698
1910,77.99897383273475,0.017225149576194004
1911,78.05028219599795,0.017239982723029623
1912,78.10159055926117,0.01728048227450962
1913,78.15289892252437,0.01734580701052817
1914,78.20420728578759,0.017434931817515348
1915,78.2555156490508,0.01754671997259439
1916,78.30682401231401,0.01767995327093311
1917,78.35813237557723,0.017833401366457072
1918,78.40944073884043,0.01800588751869952
1919,78.46074910210365,0.01819627138962634
1920,78.51205746536687,0.018403474269292047
1921,78.56336582863007,0.018626447940634384
1922,78.61467419189329,0.01886412878716989
1923,78.66598255515649,0.019115432813792174
1924,78.7172909184197,0.01937923713036985
1925,78.76859928168292,0.01965431646532572
1926,78.81990764494613,0.019939433456835697
1927,78.87121600820934,0.020233287531627266
1928,78.92252437147256,0.020534640449713683
1929,78.97383273473577,0.02084223770832913
1930,79.02514109799898,0.021154984179817097
1931,79.07644946126219,0.021471883848523905
1932,79.1277578245254,0.02179206515580241
1933,79.17906618778862,0.022114766830290837
1934,79.23037455105182,0.022439369071965608
1935,79.28168291431504,0.022765273450687653
1936,79.33299127757824,0.023091931470921846
1937,79.38429964084146,0.0234187776441851
1938,79.43560800410468,0.023745225585653205
1939,79.48691636736788,0.024070644169002033
1940,79.5382247306311,0.02439437639914245
1941,79.5895330938943,0.024715756026714775
1942,79.64084145715752,0.02503413821724452
1943,79.69214982042074,0.02534893206286582
1944,79.74345818368394,0.02565961794138724
1945,79.79476654694716,0.025965785718009053
1946,79.84607491021038,0.02626711869797613
1947,79.89738327347358,0.026563343536130206
1948,79.9486916367368,0.02685430507305012
1949,80.0,0.027139836270495984
